brand,voucher_code
EcoThreads,9T7G5W8K
GreenLeafApparel,Z4R2H6L1
SustainWear,D8M9N3J2
EarthlyChic,P7B4V6Q1
EcoEssence,Y3F2X7C8
RenewThreads,L5K9T4E1
PureCottonWears,W8G2D7Z6
EcoLoom,J1H5R9Q3
PlanetFriendly,N6M2V8K4
GreenGlamour,Q7P1X3F9
NatureKnits,V4C6Y2J7
VerdantFashions,Z8T9H1L3
EcoWeave,R3M6K2P4
SustainableStyle,X7N1D8G5
GreenFabric,Y9B4Q2F1
EarthThreads,J2H6W8K9
ConsciousCotton,L4C1T7M3
RecycledChic,P9D2X6F8
EcoElegance,Z1G3R7J4
GreenVogue,N5H8K2P9
EthicalWear,Q6M1T4V7
EcoSavvy,X9B2C8J3
SustainableSeams,Y4F6N1D7
GreenFashionistas,J8R3W2K9
EcoStyleLab,L7M4Q1P6
PlanetThreads,P2D9T8F3
EcoLuxuries,Z6H1K4J7
EarthFriendlyRags,R8M2X5Q9
GreenElegance,X1C7T4F8
EcoAttire,Y3G9N2P6
SustainableChic,7D4F9P2K